[
  {
    "name": "Student1",
    "enrolled_topics": [
      {
        "name": "Topic1",
        "submitted_code": {
          "hello_world": {
            "language": "Python",
            "code": "print('Hello, world!')",
            "result": "Hello, world!"
          },
          "sum_two_numbers": {
            "language": "Python",
            "code": "print(1 + 2)",
            "result": "3"
          }
        }
      },
      {
        "name": "Topic2",
        "submitted_code": {
          "factorial": {
            "language": "Python",
            "code": "def factorial(n): return 1 if n == 0 else n * factorial(n-1)\nprint(factorial(5))",
            "result": "120"
          }
        }
      }
    ]
  },
  {
    "name": "Student2",
    "enrolled_topics": [
      {
        "name": "Topic1",
        "submitted_code": {
          "hello_world": {
            "language": "C++",
            "code": "#include <iostream>\nint main() { std::cout << 'Hello, world!'; return 0; }",
            "result": "Hello, world!"
          },
          "sum_two_numbers": {
            "language": "C++",
            "code": "#include <iostream>\nint main() { std::cout << 1 + 2; return 0; }",
            "result": "3"
          }
        }
      },
      {
        "name": "Topic2",
        "submitted_code": {
          "factorial": {
            "language": "C++",
            "code": "#include <iostream>\nint factorial(int n) { return n <= 1 ? 1 : n * factorial(n - 1); }\nint main() { std::cout << factorial(5); return 0; }",
            "result": "120"
          }
        }
      }
    ]
  },
  {
    "name": "Student3",
    "enrolled_topics": [
      {
        "name": "Topic1",
        "submitted_code": {
          "hello_world": {
            "language": "Rust",
            "code": "fn main() { println!(\"Hello, world!\"); }",
            "result": "Hello, world!"
          },
          "sum_two_numbers": {
            "language": "Rust",
            "code": "fn main() { println!(\"{}\", 1 + 2); }",
            "result": "3"
          }
        }
      },
      {
        "name": "Topic2",
        "submitted_code": {
          "factorial": {
            "language": "Rust",
            "code": "fn factorial(n: u32) -> u32 { if n == 0 { 1 } else { n * factorial(n - 1) } }\nfn main() { println!(\"{}\", factorial(5)); }",
            "result": "120"
          }
        }
      }
    ]
  },
  {
    "name": "Student4",
    "enrolled_topics": [
      {
        "name": "Topic1",
        "submitted_code": {
          "hello_world": {
            "language": "Python",
            "code": "print('Hello, world!')",
            "result": "Hello, world!"
          },
          "sum_two_numbers": {
            "language": "Python",
            "code": "print(1 + 2)",
            "result": "3"
          }
        }
      },
      {
        "name": "Topic2",
        "submitted_code": {
          "factorial": {
            "language": "Python",
            "code": "def factorial(n): return 1 if n == 0 else n * factorial(n-1)\nprint(factorial(5))",
            "result": "120"
          }
        }
      }
    ]
  }
]
